regime,prompt_condition,n,llm_brier_mean,crowd_brier_mean,baseline_brier_mean,llm_log_loss_mean,crowd_log_loss_mean,llm_accuracy,crowd_accuracy,llm_minus_crowd_brier_mean
long_term_low_data,question_only,30,0.15084999999999998,0.20037413333333332,0.25,0.46108320648878826,0.6072484584439789,0.7666666666666667,0.6,-0.049524133333333345
long_term_low_data,question_plus_history,30,0.17422,0.20037413333333332,0.25,0.5021467168524724,0.6072484584439789,0.6333333333333333,0.6,-0.026154133333333343
short_term_high_data,question_only,30,0.13100666666666666,0.06534853899999997,0.25,0.4318092751037892,0.22147217770196972,0.8333333333333334,0.9,0.06565812766666669
short_term_high_data,question_plus_history,30,0.05553333333333333,0.06534853899999997,0.25,0.19962765862934348,0.22147217770196972,0.9333333333333333,0.9,-0.009815205666666648
