regime,prompt_condition,wilcoxon_stat,p_value,mean_brier_diff_llm_minus_crowd,ci95_lo,ci95_hi
long_term_low_data,question_only,182.0,0.308520769700408,-0.049524133333333345,-0.14252008333333338,0.03692056083333334
long_term_low_data,question_plus_history,170.0,0.8889058167448884,-0.026154133333333343,-0.0778622175,0.01750876916666656
short_term_high_data,question_only,229.0,0.9426089975796718,0.06565812766666669,-0.012338591699999978,0.15365451386666662
short_term_high_data,question_plus_history,140.0,0.23905488936772323,-0.009815205666666648,-0.030736982866666634,0.0010119671000000275
